_description,_OUTPUT,averageAgeDiff,shotTotalDiff,shotOnGoalDiff,passTotalDiff,passLongDiff,passSuccessDiff,passForwardDiff,passBackwardDiff,passTargetFinalThirdDiff,passTargetMiddleThirdDiff,passTargetDefensiveThirdDiff,cornerFavourDiff,cornerAgainstDiff,foulReceivedDiff,foulCommitedDiff,assistShotDiff,assistShotIntentionalDiff,assistShotIntentionalGoalDiff,crossFavourTotalDiff,crossFavourSuccessDiff,crossAgainstTotalDiff,offsideCommittedDiff,offsideReceivedDiff,possessionAttackDiff,possessionTotalDiff,possessionDefenceDiff,interceptionDiff,cardYellowDiff,cardRedDiff,tackleTotalDiff,tackleSuccessDiff,dribbleTotalDiff,dribbleSuccessDiff,goalDiff
Bordeaux v Caen,1,-2.0,1,0,66,-4,63,41,24,1,34,28,1,-1,0,0,-2,-1,0,-6,-2,0,-1,0,2,67,65,-4,2,0,-5,-5,0,0,1
Bordeaux v Evian,0,-1.5999999999999979,2,0,45,-7,45,16,15,-17,38,10,-4,4,6,-6,3,3,1,-4,1,0,1,0,-11,58,69,1,-2,0,6,7,1,1,1
Bordeaux v Guingamp,1,-2.8000000000000007,0,-1,156,-11,164,91,67,28,120,11,0,0,5,-5,-1,-2,-1,10,2,0,-1,0,100,155,55,-8,0,0,1,0,-2,-1,-1
Bordeaux v Lens,0,-1.4000000000000021,2,2,100,-7,108,66,32,7,65,27,-1,1,2,-2,-2,-2,0,-2,-1,0,0,0,39,95,56,-7,1,0,-5,-8,-2,-3,0
Bordeaux v Lille,0,-1.2999999999999972,-1,-1,8,-6,0,7,1,11,3,-5,1,-1,-1,1,0,0,0,2,1,0,4,0,30,4,-26,4,0,0,10,9,1,-1,0
Bordeaux v Lorient,0,0.1999999999999993,3,1,86,5,91,59,52,62,18,33,9,-9,-3,3,5,5,0,18,3,0,1,0,78,84,6,-5,0,0,-2,0,3,2,0
Bordeaux v Lyon,2,1.3000000000000007,-2,0,-84,9,-88,-47,-32,-2,-59,-19,-1,1,2,-2,-1,0,-1,3,0,0,1,0,-40,-80,-40,3,0,0,9,10,-3,1,-1
Bordeaux v Marseille,0,1.1999999999999993,3,4,-78,6,-87,-56,-27,4,-45,-44,3,-3,-2,2,-2,-3,0,-5,-2,0,-2,0,13,-87,-100,-2,-1,0,10,11,3,1,0
Bordeaux v Metz,1,0.40000000000000213,1,2,122,0,119,85,33,44,62,12,0,0,5,-5,0,0,-1,-2,-1,0,-5,0,63,104,41,-9,-2,0,6,4,-6,-2,-1
Bordeaux v Monaco,0,0.5,-5,-3,-53,-2,-54,-29,-38,-41,-31,5,0,0,3,-3,-5,-1,-1,-4,-2,0,1,0,-71,-53,18,-4,-1,0,-2,-1,0,1,-1
Bordeaux v Montpellier,0,-0.6999999999999993,11,4,36,-2,30,7,21,-13,-1,41,4,-4,-2,2,9,8,1,5,3,0,0,0,-36,34,70,-11,0,0,16,13,-5,-3,2
Bordeaux v Nantes,0,0.40000000000000213,6,3,83,7,87,50,47,25,52,19,5,-5,8,-8,6,3,0,8,2,0,1,0,57,83,26,-3,0,0,-2,-3,-3,-1,0
Bordeaux v Nice,2,1.7999999999999972,0,0,16,1,24,13,8,18,3,3,-2,2,1,-1,0,0,0,2,0,0,1,0,32,22,-10,7,-1,0,-2,0,4,2,1
Bordeaux v PSG,0,-2.5,6,2,31,11,42,17,25,45,17,-20,1,-1,1,-1,4,3,1,8,4,0,-1,0,67,27,-40,1,-2,0,1,-5,-6,-6,1
Bordeaux v Reims,1,-1.1999999999999993,-2,-1,176,2,175,104,67,15,149,8,1,-1,2,-2,-1,-3,-1,-6,-3,0,0,0,81,163,82,-7,0,0,-4,0,-1,4,0
Bordeaux v Rennes,0,0.3999999999999986,-3,-2,-105,-5,-105,-33,-64,-2,-45,-52,-1,1,1,-1,-1,0,0,4,2,0,-3,0,-5,-104,-99,3,1,0,10,8,-6,-2,0
Bordeaux v Saint-Etienne,0,-1.3000000000000007,-1,-1,59,-9,64,51,12,13,46,2,-2,2,2,-2,-1,-3,0,5,-1,0,1,0,58,69,11,-1,0,0,-1,1,2,2,1
Bordeaux v SC Bastia,1,-1.3000000000000007,3,3,112,-1,126,80,48,53,60,16,2,-2,3,-3,2,0,0,16,2,0,-1,0,118,120,2,-2,-2,0,-5,0,6,5,-1
Bordeaux v Toulouse,0,0.6999999999999993,1,-1,-32,9,-31,-21,-27,-29,-8,-11,-4,4,3,-3,-1,0,0,-11,-3,0,-4,0,-30,-41,-11,-6,-1,0,0,1,2,1,0
Caen v Bordeaux,2,1.5,0,-1,-141,13,-145,-88,-59,-34,-97,-16,1,-1,-3,3,1,1,0,-2,1,0,-1,0,-85,-141,-56,6,0,1,2,-1,1,-3,0
Caen v Evian,0,1.0999999999999979,0,-2,-31,11,-31,-11,-17,-1,0,-26,-1,1,2,-2,1,0,0,3,-1,0,1,0,-20,-25,-5,-5,-1,0,-1,4,0,5,0
Caen v Guingamp,2,-1.3000000000000007,2,0,-51,-9,-40,-25,-14,26,-61,-5,1,-1,-1,1,3,1,0,8,2,0,-2,0,-9,-42,-33,-3,-1,0,-4,-1,2,3,0
Caen v Lens,0,2.3000000000000007,-6,-5,-82,2,-60,-53,-39,-20,-53,-19,-3,3,-5,5,-5,-3,0,-7,-3,0,1,0,-33,-72,-39,9,1,0,5,-2,-1,-7,2
Caen v Lille,2,-0.3999999999999986,0,-1,-162,2,-147,-96,-60,-19,-111,-30,-6,6,-4,4,-1,-2,0,-2,-3,0,-1,0,-90,-157,-67,-1,0,0,15,12,-3,-3,0
Caen v Lorient,0,2.0,1,1,21,10,25,9,3,13,-7,6,0,0,2,-2,3,2,1,11,2,0,1,0,32,55,23,7,-1,0,1,9,4,8,0
Caen v Lyon,0,1.5999999999999979,4,0,-126,6,-127,-65,-44,4,-78,-36,-1,1,-2,2,2,0,0,9,4,0,1,0,-21,-111,-90,2,1,0,0,0,10,0,2
Caen v Marseille,2,1.5,-7,-5,-138,-4,-140,-115,-48,-48,-71,-43,-3,3,0,0,-4,-5,0,-15,-6,0,0,0,-78,-142,-64,9,-1,0,10,1,-12,-9,0
Caen v Metz,1,1.3999999999999986,5,5,85,-8,91,55,56,68,36,10,4,-4,4,-4,2,2,0,18,4,0,4,0,122,85,-37,-3,0,0,-4,-4,2,0,0
Caen v Monaco,2,0.5,0,1,-83,13,-84,-55,-26,-36,-1,-45,0,0,-6,6,-1,-1,-1,2,0,0,0,0,-30,-85,-55,-6,2,0,7,4,-1,-3,-1
Caen v Montpellier,1,0.6999999999999993,7,6,11,-1,8,8,15,17,1,7,1,-1,-2,2,1,-1,-1,8,0,0,1,0,20,1,-19,-1,0,0,6,3,-6,-3,0
Caen v Nantes,2,0.8000000000000007,2,0,13,4,11,23,7,29,7,-4,5,-5,2,-2,2,0,-1,19,4,0,-2,0,-1,6,7,-9,0,0,0,-4,-8,-4,0
Caen v Nice,2,3.3999999999999986,1,-1,-66,14,-55,-48,-20,-14,-40,-14,1,-1,-2,2,3,2,0,-2,1,0,0,0,-41,-78,-37,-10,1,0,3,-1,-1,-4,1
Caen v PSG,2,0.3000000000000007,-3,-2,-313,-3,-313,-156,-152,-50,-202,-59,1,-1,-1,1,-2,0,0,2,1,0,-2,0,-148,-322,-174,2,0,0,12,-1,-9,-13,-1
Caen v Reims,0,0.1999999999999993,4,2,-57,13,-75,-15,-39,17,-22,-48,1,-1,1,-1,5,4,1,4,2,0,0,0,7,-54,-61,5,-2,0,-3,2,4,5,0
Caen v Rennes,2,1.5,3,1,-147,13,-144,-77,-65,1,-111,-42,1,-1,2,-2,1,1,0,3,2,0,0,0,-31,-134,-103,1,0,0,-2,-3,-4,-1,0
Caen v Saint-Etienne,0,2.0,-3,2,-105,1,-110,-51,-65,-25,-72,-19,-4,4,-2,2,0,-2,0,-5,-2,0,1,0,-69,-114,-45,1,1,1,-1,1,-1,2,1
Caen v SC Bastia,1,1.6000000000000014,0,-3,41,-5,42,28,15,31,7,5,1,-1,1,-1,0,-2,0,8,0,0,1,0,14,37,23,-4,-1,0,-7,-1,9,6,-1
Caen v Toulouse,0,3.400000000000002,2,0,-16,-1,-22,3,-21,-21,4,1,0,0,1,-1,3,1,1,2,1,0,1,0,-32,-11,21,-3,-1,0,0,3,2,3,1
Evian v Bordeaux,2,2.8000000000000007,1,3,-11,-6,-24,12,-5,24,-6,-11,4,-4,5,-5,0,1,0,11,2,0,-2,0,6,-10,-16,2,-1,0,-2,2,8,4,-1
Evian v Caen,2,0.0,-2,0,124,12,106,62,56,23,61,33,-1,1,0,0,-2,-2,-2,-5,-2,0,-2,0,57,105,48,-5,0,0,12,7,-11,-5,-3
Evian v Guingamp,0,-1.0,0,-1,47,-9,52,34,26,60,1,0,1,-1,1,-1,-1,0,0,7,2,0,0,0,80,57,-23,2,0,0,-12,-10,7,2,0
Evian v Lens,0,2.1000000000000014,10,2,0,1,13,22,-2,40,-14,-6,3,-3,3,-3,8,5,0,12,3,0,-1,0,54,24,-30,-1,0,0,-6,-4,1,2,2
Evian v Lille,2,0.8999999999999986,-2,0,-147,7,-141,-79,-56,0,-94,-40,3,-3,-4,4,-1,-1,0,10,-1,0,-1,0,-31,-130,-99,9,0,0,12,9,-5,-3,0
Evian v Lorient,0,2.0,-4,-5,-36,-12,-34,-18,-27,-10,-30,-4,0,0,-3,3,-2,-2,1,0,-1,0,3,0,-30,-32,-2,7,1,0,17,9,-6,-8,1
Evian v Lyon,2,2.6999999999999993,-1,-5,-139,14,-138,-87,-62,-49,-79,-23,-1,1,3,-3,1,1,0,-3,1,0,0,0,-108,-121,-13,12,-2,0,8,6,-4,-2,1
Evian v Marseille,2,3.3000000000000007,2,1,-81,-15,-83,-46,-39,6,-23,-68,3,-3,-2,2,2,0,-1,2,2,0,0,0,1,-76,-77,2,1,0,6,4,-2,-2,0
Evian v Metz,0,1.3000000000000007,-3,-1,26,0,24,21,19,14,26,1,0,0,-3,3,-1,0,0,9,2,0,-2,0,22,40,18,2,-1,0,-9,-4,7,5,0
Evian v Monaco,2,2.599999999999998,-3,1,-129,-4,-125,-69,-55,-2,-76,-45,0,0,-3,3,-5,-5,-2,2,-1,0,-1,0,-19,-134,-115,2,0,0,10,4,-6,-6,-2
Evian v Montpellier,0,0.40000000000000213,1,1,-3,5,5,-3,-7,-4,-8,4,-3,3,-6,6,1,1,0,0,0,0,1,0,35,3,-32,-6,1,0,-5,-2,10,3,0
Evian v Nantes,2,1.3000000000000007,-5,-3,6,22,-16,8,-13,-19,4,11,-3,3,3,-3,-4,-1,0,-1,0,0,-2,0,-37,0,37,7,1,0,6,4,-6,-2,-1
Evian v Nice,0,3.799999999999997,0,-2,-64,-6,-64,-34,-29,0,-39,-24,-1,1,1,-1,0,0,0,-1,-1,0,1,0,-11,-67,-56,-2,-1,0,0,-2,-5,-2,0
Evian v PSG,1,0.40000000000000213,-2,-1,-350,6,-350,-193,-171,-46,-254,-64,1,-1,-5,5,-2,-1,0,-5,-1,0,-2,0,-158,-356,-198,2,1,0,13,9,-5,-4,0
Evian v Reims,2,0.7000000000000028,-2,4,-14,10,-18,-10,-10,-15,0,-4,0,0,3,-3,-4,-6,-1,1,-1,0,-1,0,3,-25,-28,4,1,0,-1,-4,-6,-3,0
Evian v Rennes,1,1.0,-1,-1,-71,-6,-76,-33,-44,2,-44,-35,-1,1,0,0,2,0,0,0,-1,0,1,0,-3,-73,-70,-1,0,0,4,3,-1,-1,0
Evian v Saint-Etienne,2,0.09999999999999787,2,1,-67,5,-70,-23,-35,2,-47,-14,4,-4,1,-1,1,2,1,6,2,0,1,0,-31,-73,-42,-1,1,0,-1,-3,4,-2,0
Evian v SC Bastia,2,1.1000000000000014,3,-2,-21,-15,-7,3,-13,21,14,-43,3,-3,3,-3,2,2,1,9,3,0,-1,0,43,-7,-50,-2,-1,0,0,-1,-1,-1,1
Evian v Toulouse,0,2.700000000000003,1,0,-56,-1,-47,-53,-26,-45,-28,-9,1,-1,0,0,2,3,1,-8,-2,0,1,0,-77,-45,32,-5,0,0,5,2,-4,-3,1
Guingamp v Bordeaux,0,1.6999999999999993,0,-1,-62,-9,-56,-38,-28,-1,-52,-14,1,-1,-3,3,0,0,1,1,-1,0,0,0,-41,-69,-28,0,0,0,5,-1,-4,-6,2
Guingamp v Caen,0,-0.6000000000000014,1,1,-48,-1,-41,-12,-27,7,-12,-34,-1,1,4,-4,1,2,0,3,1,0,-1,0,25,-56,-81,-8,1,0,4,1,-4,-3,1
Guingamp v Evian,1,3.1000000000000014,3,2,4,-10,16,24,-16,-8,1,14,2,-2,6,-6,3,3,1,11,5,0,4,0,-18,12,30,-5,-1,0,2,2,-2,0,1
Guingamp v Lens,0,1.1000000000000014,7,4,-52,7,-37,-27,-5,46,-70,-7,3,-3,5,-5,3,3,0,17,1,0,0,0,40,-24,-64,5,0,0,-7,-3,6,4,1
Guingamp v Lille,2,2.8999999999999986,-5,-3,-90,9,-95,-51,-34,-19,-53,-15,-3,3,-1,1,-4,-2,0,-3,1,0,0,0,-76,-102,-26,-1,0,0,9,5,-5,-4,0
Guingamp v Lorient,0,1.3999999999999986,-2,0,-46,-23,-36,-31,-19,4,-37,-17,2,-2,0,0,2,0,1,6,2,0,1,0,-18,-43,-25,-3,2,0,1,2,1,1,1
Guingamp v Lyon,2,3.8000000000000007,-3,-2,-208,3,-210,-113,-103,-43,-138,-35,-2,2,4,-4,1,0,0,-3,1,0,-1,0,-131,-198,-67,14,-1,1,8,4,-4,-4,-2
Guingamp v Marseille,2,4.299999999999997,-8,-4,-146,8,-155,-96,-60,-39,-87,-32,-2,2,0,0,-7,-4,0,-10,-4,0,1,0,-94,-157,-63,-3,-1,0,9,8,-3,-1,0
Guingamp v Metz,2,-0.09999999999999787,-3,-2,118,-6,120,71,46,3,65,50,-5,5,10,-10,-4,-1,-1,0,-1,0,1,0,14,127,113,2,-1,0,-3,1,2,4,-1
Guingamp v Monaco,0,2.0,-2,-2,-122,9,-135,-53,-64,-53,-56,-10,-2,2,1,-1,-3,0,0,-2,-4,0,1,0,-118,-124,-6,1,-1,1,6,7,-1,1,0
Guingamp v Montpellier,2,0.7999999999999972,-5,-3,95,-12,95,63,37,30,28,42,-2,2,2,-2,-6,-2,0,-1,-4,0,0,0,50,93,43,-4,0,0,-17,-7,14,10,-1
Guingamp v Nantes,2,2.400000000000002,-3,-2,59,5,51,41,20,13,35,12,-2,2,8,-8,-4,-1,0,-2,-1,0,0,0,13,47,34,-4,-3,0,4,0,-6,-4,-1
Guingamp v Nice,2,2.799999999999997,-3,2,-35,-2,-37,6,-33,3,-15,-14,-3,3,-3,3,0,-2,-1,0,0,0,2,0,-5,-40,-35,2,-1,0,0,-3,-1,-3,-3
Guingamp v PSG,0,0.0,2,0,-165,11,-171,-91,-75,-20,-106,-42,-1,1,3,-3,2,3,1,2,0,0,-2,0,-119,-175,-56,5,0,0,8,4,-15,-4,1
Guingamp v Reims,0,1.5,1,2,67,-7,60,39,40,-8,73,15,1,-1,0,0,2,1,0,6,2,0,2,0,23,59,36,-6,0,0,1,3,4,2,0
Guingamp v Rennes,2,2.3999999999999986,0,0,-112,2,-123,-64,-48,-11,-83,-18,3,-3,2,-2,0,1,0,1,1,0,1,0,-28,-122,-94,-3,1,0,1,-1,-1,-2,-1
Guingamp v Saint-Etienne,2,0.3000000000000007,-2,-1,-52,-4,-63,-17,-37,-25,-42,14,-1,1,1,-1,-2,-1,0,-5,-3,0,0,0,-66,-62,4,8,1,0,7,4,-10,-3,-1
Guingamp v SC Bastia,0,0.1999999999999993,3,0,-45,5,-42,-18,-25,1,-31,-14,-1,1,-3,3,3,2,1,10,6,0,-2,0,-13,-46,-33,-1,2,0,11,7,-8,-4,1
Guingamp v Toulouse,0,4.600000000000001,0,-1,-13,-1,-13,-10,5,-20,-5,22,-4,4,-1,1,-1,-1,1,8,3,0,2,0,-43,-4,39,13,0,0,7,5,-6,-2,0
Lens v Bordeaux,2,-1.7999999999999972,-3,3,-17,-9,-19,3,-21,-4,-5,-8,-1,1,1,-1,0,1,-1,-1,3,0,2,0,6,-32,-38,-12,2,0,-2,0,-1,2,-2
Lens v Caen,1,-1.2000000000000028,-5,-1,-57,7,-48,-51,-21,-38,-52,16,0,0,1,-1,-1,0,0,-10,1,0,-1,0,-82,-62,20,0,1,0,1,1,1,0,0
Lens v Evian,2,-2.099999999999998,-2,0,120,16,92,73,46,4,86,32,0,0,4,-4,-3,-1,-2,-4,-1,0,0,0,31,85,54,-9,1,0,1,-1,-9,-2,-2
Lens v Guingamp,2,-2.700000000000003,-2,0,-24,13,-30,-19,-13,-5,-15,-10,1,-1,-6,6,-2,-1,0,1,-2,0,1,0,-5,-32,-27,-1,1,0,4,3,1,-1,0
Lens v Lille,1,-2.1000000000000014,6,2,43,14,37,40,16,28,27,0,3,-3,-4,4,5,4,0,13,5,0,-2,0,48,42,-6,-6,0,0,-5,-2,5,3,0
Lens v Lorient,1,-0.5,2,0,2,6,3,-2,13,56,-43,-3,0,0,1,-1,1,2,0,7,1,0,0,0,71,-5,-76,0,0,0,7,2,-3,-5,0
Lens v Lyon,2,-0.6000000000000014,3,2,-32,2,-32,-24,1,1,-13,-10,4,-4,1,-1,3,2,0,10,1,0,-1,0,-8,-37,-29,1,0,0,-2,-2,7,0,0
Lens v Marseille,2,0.6999999999999993,-1,-2,-30,3,-45,-25,-12,39,-25,-49,0,0,-7,7,1,1,0,0,4,0,-2,0,9,-45,-54,3,1,0,4,-1,-5,-5,0
Lens v Metz,0,-1.6999999999999993,6,4,82,2,75,56,45,34,65,4,3,-3,4,-4,7,4,0,8,1,0,-2,0,59,68,9,-9,-1,0,-4,-1,4,3,0
Lens v Monaco,2,0.09999999999999787,-4,-3,-35,0,-55,-29,-20,-62,-1,14,-1,1,1,-1,-2,-1,-1,-13,-3,0,2,0,-84,-44,40,-4,0,0,4,4,-4,0,-2
Lens v Montpellier,2,-1.1000000000000014,-4,-3,-46,5,-54,-34,-16,2,-28,-25,-2,2,1,-1,-1,-2,0,-2,1,0,1,0,-32,-36,-4,2,0,0,9,9,-4,0,0
Lens v Nantes,0,-1.2000000000000028,-5,-3,-136,11,-142,-83,-63,-39,-69,-38,-3,3,2,-2,-2,-2,1,-6,-3,0,-2,0,-101,-132,-31,1,0,0,9,8,-2,-1,1
Lens v Nice,0,0.6000000000000014,3,2,-4,3,-10,-13,14,32,-3,-26,0,0,1,-1,1,2,1,3,2,0,-2,0,56,-28,-84,-7,-1,0,3,-2,-5,-5,1
Lens v PSG,2,-0.9000000000000021,0,-2,-222,4,-227,-135,-86,-50,-135,-39,2,-2,-5,5,-3,-3,0,-4,0,0,0,0,-128,-225,-97,-2,2,0,-2,1,0,3,-1
Lens v Reims,0,-1.8000000000000007,9,2,55,-7,57,41,19,37,41,-12,-1,1,2,-2,6,5,-1,6,4,0,0,0,51,52,1,0,0,-1,-1,0,-2,1,0
Lens v Rennes,2,-0.6000000000000014,5,2,63,-2,67,46,29,56,45,-26,-1,1,-1,1,4,2,-1,15,1,0,0,0,129,70,-59,0,0,0,-6,-4,3,2,-1
Lens v Saint-Etienne,2,-1.1999999999999993,-2,-1,-47,-15,-51,-19,-36,-17,-8,-30,-2,2,0,0,-4,-1,0,-5,-6,0,1,0,-24,-59,-35,-2,0,0,1,1,-4,0,0
Lens v SC Bastia,1,-1.0,5,1,55,-13,56,33,30,37,14,12,1,-1,-2,2,4,3,0,7,3,0,1,0,46,56,10,-4,0,0,-11,0,11,11,0
Lens v Toulouse,0,0.5999999999999979,-1,0,45,0,28,30,19,-12,46,16,0,0,1,-1,-1,-2,0,2,-5,0,0,0,1,29,28,-1,0,0,0,-3,-2,-3,0
Lille v Bordeaux,0,-0.6000000000000014,0,-1,-86,-5,-76,-65,-30,-38,-49,-8,-3,3,3,-3,-1,1,1,-4,-1,0,2,0,-56,-70,-14,7,0,0,1,3,7,2,1
Lille v Caen,0,-0.20000000000000284,3,-2,117,4,114,76,48,8,94,22,1,-1,1,-1,2,2,1,-2,2,0,0,0,25,118,93,-5,1,0,3,-2,-8,-5,1
Lille v Evian,0,-1.0999999999999979,-1,-2,113,-15,110,84,41,60,68,-3,-1,1,2,-2,-2,0,0,0,1,0,1,0,97,117,20,-3,0,0,-13,-12,6,1,0
Lille v Guingamp,2,-0.3000000000000007,10,5,194,2,203,114,91,64,123,19,2,-2,2,-2,9,0,-1,9,4,0,-2,0,137,201,64,-2,1,0,-3,-2,-3,1,-1
Lille v Lens,0,-0.7000000000000028,5,5,174,-7,161,106,82,103,106,-20,4,-4,6,-6,4,1,-1,9,1,0,1,0,199,164,-35,-6,-1,0,-17,-11,15,6,0
Lille v Lorient,0,1.9000000000000021,2,1,112,1,122,74,39,33,40,41,0,0,-4,4,1,-1,0,2,-1,0,-3,0,47,113,66,-3,-1,0,2,0,3,-2,0
Lille v Lyon,0,1.2000000000000028,0,2,-157,-10,-156,-71,-81,-33,-96,-27,-2,2,-3,3,-1,0,-1,0,-1,0,-3,0,-97,-162,-65,1,0,0,7,4,-2,-3,-1
Lille v Marseille,2,1.2000000000000028,-3,2,-22,-3,-34,-12,-16,6,-12,-22,1,-1,3,-3,-1,-1,-1,-3,-2,0,-1,0,22,-31,-53,1,1,0,-2,-4,-2,-2,-2
Lille v Metz,1,1.3999999999999986,5,3,189,-1,194,133,84,64,122,31,4,-4,10,-10,4,4,0,17,6,0,-1,0,122,195,73,-1,-1,0,-11,-11,2,0,0
Lille v Monaco,2,1.5,4,3,2,-10,3,-2,12,19,11,-19,2,-2,4,-4,4,2,0,7,4,0,0,0,24,-12,-36,-6,0,0,6,1,-10,-5,0
Lille v Montpellier,1,-0.5,10,8,113,-9,120,69,50,38,72,10,4,-4,-5,5,4,1,0,3,0,0,0,0,113,123,10,2,0,0,-9,-6,8,3,0
Lille v Nantes,0,1.0,-2,-1,144,-8,145,65,68,7,94,32,-2,2,1,-1,0,-1,0,-4,-3,0,1,0,36,137,101,-5,1,0,1,1,-1,0,0
Lille v Nice,1,2.900000000000002,4,2,-23,-4,-38,-10,-28,-36,-13,11,-1,1,4,-4,1,1,0,-8,-1,0,0,0,-52,-27,25,0,2,1,12,9,-5,-3,0
Lille v PSG,1,1.0,0,1,-97,-9,-96,-45,-50,22,-39,-76,-2,2,-3,3,0,-3,-1,6,3,0,-1,0,50,-97,-147,-1,0,0,0,-2,-5,-2,-2
Lille v Reims,0,-1.9000000000000021,7,5,97,-10,99,57,34,14,63,14,0,0,2,-2,5,2,0,-4,-1,0,-3,0,47,91,44,-9,-2,0,-10,-2,9,8,1
Lille v Rennes,0,-0.09999999999999787,2,-1,-1,-16,13,-6,4,12,22,-35,0,0,4,-4,2,0,0,7,2,0,1,0,59,17,-42,5,0,0,-3,-3,2,0,1
Lille v Saint-Etienne,1,-0.20000000000000284,7,5,63,-6,65,33,27,-3,38,26,-1,1,3,-3,5,1,0,-3,1,0,1,0,24,64,40,5,-2,0,-10,-5,6,5,1
Lille v SC Bastia,0,-1.1000000000000014,6,3,184,-15,181,115,80,96,93,7,0,0,4,-4,4,-2,0,13,0,0,-1,0,190,182,-8,4,0,0,-2,-4,6,-2,1
Lille v Toulouse,0,1.7999999999999972,6,2,171,5,175,100,75,31,128,16,1,-1,0,0,4,2,1,3,1,0,-4,0,120,176,56,-3,-1,-1,8,3,-5,-5,1
Lorient v Bordeaux,1,0.0,-5,-3,-47,-20,-39,-15,-16,6,29,-66,1,-1,2,-2,-4,0,0,9,1,0,0,0,48,-23,-71,5,0,0,-5,-2,4,3,0
Lorient v Caen,0,-1.3999999999999986,7,5,154,-9,162,86,80,58,96,11,2,-2,2,-2,4,2,-1,8,1,0,0,0,120,146,26,-8,0,-1,1,1,-4,0,0
Lorient v Evian,2,-2.0,4,3,116,1,124,59,64,69,46,8,4,-4,2,-2,3,3,-1,13,4,0,-1,0,133,123,-10,0,-2,0,-15,-10,11,5,-1
Lorient v Guingamp,0,-2.8000000000000007,-1,0,97,4,98,48,50,-31,69,60,0,0,0,0,-1,-1,0,4,-3,0,3,0,-14,102,116,1,1,0,-2,0,3,2,0
Lorient v Lens,0,0.3999999999999986,8,3,115,-8,118,77,45,48,74,1,4,-4,-2,2,7,0,0,8,1,0,1,0,102,122,20,1,0,-1,-7,-5,4,2,1
Lorient v Lille,0,-1.0999999999999979,0,3,63,5,57,36,31,19,36,12,-2,2,-2,2,-2,0,0,3,-1,0,1,0,10,44,34,-6,0,0,9,3,-9,-6,0
Lorient v Lyon,1,-0.5,6,2,8,10,5,15,8,35,13,-25,1,-1,-1,1,3,3,0,12,2,0,-2,0,49,4,-45,0,-1,0,1,1,-6,0,0
Lorient v Marseille,1,1.3000000000000007,-1,0,-35,-10,-41,-19,-21,0,1,-41,0,0,0,0,-2,-2,0,0,0,0,0,0,29,-36,-65,2,-1,0,-4,2,-3,6,0
Lorient v Metz,0,-0.40000000000000213,5,0,56,16,73,31,32,24,35,5,-4,4,5,-5,1,1,1,-4,-1,0,1,0,56,77,21,0,-1,0,-8,-1,7,7,3
Lorient v Monaco,2,0.6999999999999993,-6,-4,117,18,100,54,57,1,104,7,-3,3,2,-2,-3,-3,-1,-3,-2,0,-3,0,17,106,89,-6,0,0,-7,-5,1,2,-1
Lorient v Montpellier,1,-1.8000000000000007,4,4,49,11,55,29,23,34,-2,22,2,-2,-3,3,3,1,0,5,-1,0,1,0,45,50,5,3,0,0,1,3,-1,2,0
Lorient v Nantes,2,-0.5,-4,-3,41,2,38,18,16,0,49,-15,-1,1,1,-1,-3,1,0,-2,-3,0,-1,0,4,22,18,8,0,0,3,-3,-13,-6,-1
Lorient v Nice,1,2.0,0,0,64,-7,69,49,33,25,59,-2,3,-3,1,-1,-1,1,0,11,2,0,1,0,42,75,33,-5,0,0,0,4,4,4,0
Lorient v PSG,2,-3.3000000000000007,11,5,-60,-8,-55,-38,-33,-7,-31,-31,-1,1,1,-1,9,3,1,-3,0,0,-2,0,16,-59,-75,0,1,0,4,2,-6,-2,1
Lorient v Reims,2,-2.0,2,-1,165,7,167,95,72,22,100,47,3,-3,0,0,1,-1,0,8,2,0,-1,0,78,172,94,-10,1,0,-8,-3,4,5,0
Lorient v Rennes,2,0.10000000000000142,4,7,93,6,91,63,47,41,74,-4,1,-1,0,0,2,0,-1,12,1,0,0,0,99,80,-19,-4,0,0,-3,-2,2,1,-2
Lorient v Saint-Etienne,2,-1.3000000000000007,-6,-4,-59,-1,-56,-37,-40,-39,-19,-19,-5,5,0,0,-6,-4,0,-11,-3,0,-2,0,-56,-56,0,0,0,0,-2,0,1,2,0
Lorient v SC Bastia,0,-2.3000000000000007,5,2,53,5,45,26,26,14,56,-15,-2,2,1,-1,4,1,1,-3,1,0,-1,0,42,43,1,-4,-1,0,2,1,-3,-1,1
Lorient v Toulouse,2,1.6999999999999993,2,0,46,19,64,27,24,39,3,13,3,-3,5,-5,4,2,-1,16,5,0,-1,0,51,79,28,1,1,0,-5,-2,8,3,-1
Lyon v Bordeaux,1,-0.6000000000000014,-5,-3,71,-2,74,16,36,-7,11,49,-2,2,4,-4,-1,0,0,-8,-2,0,1,0,-3,70,73,-7,-2,0,-5,-4,2,1,0
Lyon v Caen,0,-3.200000000000003,2,0,151,-1,155,105,42,65,77,8,2,-2,1,-1,-1,1,0,3,2,0,0,0,104,153,49,-4,-1,0,1,0,7,-1,1
Lyon v Evian,0,-2.400000000000002,5,0,27,-5,22,7,19,-15,22,17,2,-2,0,0,1,3,0,-3,1,0,-1,0,9,30,21,-3,-1,0,1,4,1,3,2
Lyon v Guingamp,0,-2.5,6,2,177,-6,186,88,78,14,124,33,2,-2,-5,5,3,1,2,-1,2,0,1,0,73,187,114,0,1,0,-5,-2,4,3,3
Lyon v Lens,2,-0.5,7,4,111,-10,132,82,41,39,81,4,1,-1,-2,2,5,2,-1,13,5,0,-1,0,106,135,29,2,0,0,-12,-8,2,4,-1
Lyon v Lille,0,-0.5,7,5,21,11,14,11,18,29,-8,8,3,-3,-2,2,4,2,2,3,-1,0,0,0,37,20,-17,-4,-2,-1,-7,-5,4,2,2
Lyon v Lorient,0,-0.5999999999999979,3,3,54,14,44,28,25,-25,45,32,0,0,2,-2,3,6,1,-3,-1,0,0,0,-17,44,61,-2,0,0,-2,-1,-1,1,2
Lyon v Marseille,0,0.3000000000000007,2,0,9,3,-3,-9,11,13,14,-25,1,-1,-3,3,0,0,0,-5,-3,0,0,0,16,-5,-21,0,-2,0,2,2,-2,0,0
Lyon v Metz,0,-1.6000000000000014,6,2,177,9,176,104,75,82,104,-3,1,-1,6,-6,0,0,0,8,1,0,1,0,190,185,-5,-8,1,-1,-3,-2,6,1,1
Lyon v Monaco,0,-0.9000000000000021,-3,0,117,20,112,61,55,3,73,41,0,0,-1,1,-3,-3,0,0,-3,0,1,0,64,107,43,-7,1,0,-9,-6,5,3,0
Lyon v Montpellier,0,-2.3999999999999986,9,4,84,1,78,51,32,27,32,25,4,-4,-3,3,7,5,1,4,1,0,0,0,45,78,33,-8,0,0,0,2,1,2,2
Lyon v Nantes,0,-1.3000000000000007,1,2,213,-3,211,104,106,8,172,32,1,-1,4,-4,-1,-2,0,-2,-2,0,0,0,106,213,107,1,-1,0,-6,-3,6,3,0
Lyon v Nice,2,0.9000000000000021,3,3,170,-2,161,85,86,79,85,7,-1,1,3,-3,4,2,0,-2,2,0,0,0,140,154,14,-18,0,0,-2,-1,0,1,-1
Lyon v PSG,1,-2.5,-2,0,-201,-21,-208,-89,-107,-4,-143,-48,-1,1,-4,4,-1,-2,1,2,-1,0,-1,0,-81,-212,-131,-1,-1,0,10,4,-4,-6,1
Lyon v Reims,0,-2.5,-2,0,-94,-22,-91,-50,-49,10,-79,-31,-1,1,-1,1,-2,-1,1,-1,-1,0,0,0,-26,-98,-72,-1,0,0,-3,0,3,3,0
Lyon v Rennes,0,-1.5,6,6,69,-7,77,43,35,39,24,16,4,-4,-4,4,3,1,0,6,1,0,0,0,79,71,-8,2,-1,0,-11,-8,3,3,0
Lyon v Saint-Etienne,1,-3.200000000000003,8,6,91,-8,94,68,40,65,32,9,2,-2,3,-3,9,6,0,8,3,0,0,0,109,90,-19,-6,0,1,-10,-5,8,5,-1
Lyon v SC Bastia,0,-3.3000000000000007,7,5,162,-1,171,93,69,74,89,-1,4,-4,-2,2,5,4,0,9,1,0,0,0,166,179,13,0,1,0,-12,-4,7,8,0
Lyon v Toulouse,0,0.8000000000000007,0,-2,127,-6,127,87,53,12,90,38,-4,4,2,-2,1,2,1,0,2,0,0,0,48,128,80,-8,1,0,-1,1,6,2,2
Marseille v Bordeaux,0,-2.5,7,1,129,-9,136,76,56,52,46,36,-2,2,6,-6,4,1,0,6,3,0,3,0,101,149,48,1,0,0,-4,-3,1,1,0
Marseille v Caen,2,-2.599999999999998,6,1,174,3,171,104,81,56,95,35,0,0,1,-1,6,2,0,4,3,0,0,0,120,189,69,-3,0,0,-5,1,1,6,1
Marseille v Evian,0,-2.900000000000002,10,4,153,-2,155,117,65,75,61,46,3,-3,8,-8,7,5,0,18,7,0,2,0,117,176,59,-4,-1,0,-16,-4,17,12,0
Marseille v Guingamp,0,-2.0,3,2,151,-7,171,91,76,37,68,62,0,0,-1,1,3,1,0,7,3,0,3,0,115,189,74,3,0,0,-15,-4,14,11,0
Marseille v Lens,0,-0.20000000000000284,2,-1,35,2,46,39,8,5,15,28,7,-7,8,-8,4,4,0,12,4,0,0,0,9,49,40,-4,1,0,-6,-7,2,-1,0
Marseille v Lille,0,-2.299999999999997,7,1,102,6,111,63,51,27,19,67,9,-9,-7,7,5,1,0,16,1,0,1,0,24,118,94,2,0,0,-1,2,4,3,-1
Marseille v Lorient,2,-1.1999999999999993,0,0,125,8,131,70,65,42,58,36,2,-2,0,0,0,0,-1,10,4,0,3,0,75,129,54,3,1,0,2,-3,-4,-5,-2
Marseille v Lyon,1,0.3000000000000007,2,2,38,10,38,11,27,15,17,8,-2,2,2,-2,0,-1,0,3,0,0,2,0,26,37,11,1,0,0,-2,-1,0,1,0
Marseille v Metz,0,-2.0,-5,-4,122,1,140,84,46,-12,69,73,-2,2,1,-1,-4,0,1,0,-3,0,3,0,25,142,117,0,0,0,-27,-15,20,12,1
Marseille v Monaco,0,-0.8000000000000007,-2,1,61,-5,73,38,33,-1,55,19,-4,4,-2,2,2,1,0,9,0,0,2,0,9,66,57,-15,1,0,1,6,0,5,-1
Marseille v Montpellier,2,-3.3000000000000007,5,4,57,-12,70,60,11,-3,30,44,1,-1,-4,4,4,1,-1,11,1,0,3,0,25,67,42,-8,0,0,-12,-1,15,11,-1
Marseille v Nantes,0,-1.6000000000000014,2,0,159,18,161,104,68,39,52,80,-1,1,5,-5,1,0,2,7,0,0,1,0,74,154,80,-8,-1,0,7,4,-4,-3,2
Marseille v Nice,0,0.3000000000000007,8,5,101,1,111,60,54,54,33,27,1,-1,3,-3,6,6,1,9,4,0,2,0,71,102,31,-11,-2,0,-8,-5,4,3,2
Marseille v PSG,2,-2.5,4,-1,-108,4,-99,-51,-49,25,-109,-17,1,-1,2,-2,-2,0,1,11,2,0,0,0,-17,-103,-86,0,1,0,-2,-1,-4,1,1
Marseille v Reims,1,-2.5,7,1,119,-10,119,74,56,59,68,5,5,-5,7,-7,3,2,0,12,5,0,1,0,138,115,-23,-2,0,0,-10,-4,14,6,-1
Marseille v Rennes,0,-1.0999999999999979,2,2,89,-29,114,72,30,41,37,25,3,-3,-2,2,1,1,0,16,2,0,0,0,92,113,21,2,0,0,-16,-12,10,4,0
Marseille v Saint-Etienne,0,-1.5,3,0,130,3,137,86,52,26,56,55,3,-3,1,-1,1,0,1,6,0,0,0,0,56,129,73,-3,0,0,-3,-3,1,0,2
Marseille v SC Bastia,0,-2.099999999999998,4,4,113,-5,125,72,51,38,61,25,2,-2,9,-9,5,1,0,9,0,0,2,0,84,121,37,5,-1,0,-6,-3,5,3,0
Marseille v Toulouse,0,0.5999999999999979,8,0,51,0,60,36,29,50,30,-14,5,-5,0,0,5,3,1,17,5,0,-1,0,69,69,0,4,-1,0,-8,-7,10,1,2
Metz v Bordeaux,1,1.0,-3,-3,-121,-5,-130,-51,-65,0,-76,-42,0,0,-3,3,-3,-1,0,0,0,0,-5,0,-43,-131,-88,-2,3,0,0,1,3,1,0
Metz v Caen,0,-0.9000000000000021,-4,-1,-69,3,-68,-43,-42,0,-60,-25,-3,3,-4,4,-2,-3,1,-8,-2,0,1,0,-21,-81,-60,3,0,0,1,-1,-7,-2,1
Metz v Evian,2,-0.40000000000000213,2,2,-60,5,-61,-14,-38,15,-58,-12,-3,3,-3,3,1,1,1,-1,-1,0,-5,0,7,-72,-79,3,2,0,-12,-10,0,2,2
Metz v Guingamp,2,-1.8000000000000007,-6,-4,41,-7,38,28,11,36,15,-11,1,-1,-6,6,-3,-2,-1,0,1,0,-2,0,42,45,3,-5,0,0,-5,-2,-3,3,-2
Metz v Lens,0,1.0,7,5,11,13,13,-8,3,12,-25,8,1,-1,-5,5,3,-1,0,-7,0,0,-1,0,8,20,12,-2,0,0,-1,1,-1,2,1
Metz v Lille,2,-1.8000000000000007,-14,-8,-49,6,-64,-36,-23,-13,11,-57,-7,7,-3,3,-10,-7,-1,-10,-3,0,2,0,-1,-65,-64,-2,0,0,10,4,-5,-6,-3
Metz v Lorient,2,-0.5999999999999979,-3,-3,25,-11,33,40,-15,1,11,12,-5,5,-6,6,-3,-2,-1,2,5,0,-1,0,5,40,35,-3,0,0,-1,-1,2,0,-2
Metz v Lyon,0,1.5,-8,-5,-157,5,-163,-107,-66,-64,-115,7,-1,1,-4,4,-5,-4,0,-8,-1,0,0,0,-172,-177,-5,3,0,0,7,4,-11,-3,0
Metz v Marseille,2,1.1999999999999993,3,2,-53,-8,-63,-31,-35,-29,-9,-29,-5,5,2,-2,1,2,0,-8,-1,0,0,0,-24,-57,-33,3,1,0,5,6,0,1,-1
Metz v Monaco,2,2.299999999999997,6,4,-25,7,-26,-27,-1,21,-31,-17,2,-2,1,-1,5,1,0,7,2,0,0,0,-2,-47,-45,-6,2,0,12,10,-14,-2,0
Metz v Montpellier,2,-1.3000000000000007,-4,0,-83,8,-88,-47,-46,-13,-69,-11,1,-1,0,0,-4,-4,1,-1,-1,0,-3,0,-74,-89,-15,6,-1,0,15,12,-12,-3,1
Metz v Nantes,1,0.40000000000000213,4,2,-14,18,-13,-26,9,8,16,-41,0,0,1,-1,4,-2,0,-2,-1,0,-1,0,1,-29,-30,2,2,0,12,8,-8,-4,0
Metz v Nice,1,3.0,3,3,-33,8,-39,-19,-9,17,-26,-19,1,-1,1,-1,2,3,0,-1,0,0,0,0,16,-54,-70,-4,1,0,0,-2,-6,-2,0
Metz v PSG,2,0.8000000000000007,5,0,-218,-5,-212,-115,-96,1,-119,-94,1,-1,-1,1,3,4,0,6,2,0,-2,0,-41,-217,-176,1,1,0,3,1,1,-2,0
Metz v Reims,0,1.3000000000000007,7,5,1,7,-6,23,-13,34,-2,-25,1,-1,-3,3,3,3,0,0,0,0,-1,0,36,-19,-55,1,0,0,2,2,-1,0,0
Metz v Rennes,1,-0.9000000000000021,1,0,-49,-15,-39,-27,-13,36,-7,-70,1,-1,2,-2,0,-1,0,5,-2,0,1,0,64,-39,-103,12,1,0,-2,-2,2,0,0
Metz v Saint-Etienne,2,-0.5,1,1,-90,-4,-90,-53,-41,-13,-47,-34,1,-1,-1,1,1,-1,-2,0,0,0,-2,0,-27,-88,-61,4,0,0,0,0,1,0,-2
Metz v SC Bastia,0,0.5,2,5,-91,-9,-92,-49,-33,20,-55,-48,1,-1,-1,1,2,-5,-1,6,2,0,0,0,6,-94,-100,4,1,0,10,6,-7,-4,0
Metz v Toulouse,0,2.0,8,5,14,3,29,12,11,67,-11,-33,1,-1,-1,1,2,0,0,10,1,0,-3,0,76,7,-69,-1,-1,0,1,2,3,1,1
Monaco v Bordeaux,1,0.0,2,1,-19,-25,-16,-17,7,32,-18,-23,6,-6,1,-1,1,-1,0,13,2,0,2,0,40,-24,-64,-1,0,0,3,-1,1,-4,0
Monaco v Caen,1,-2.8999999999999986,0,2,143,-7,148,62,79,6,95,41,2,-2,0,0,-1,0,0,-8,1,0,-1,0,45,163,118,-3,0,0,-16,-5,13,11,-1
Monaco v Evian,0,-2.099999999999998,-2,-2,20,-10,18,-1,-6,-38,24,10,-2,2,-5,5,-2,0,0,-10,0,0,1,0,-39,31,70,9,0,0,-6,-1,6,5,1
Monaco v Guingamp,0,-2.5,8,3,45,-15,37,34,10,41,4,3,-1,1,3,-3,5,2,0,1,2,0,0,0,68,53,-15,-6,-1,0,-4,0,5,4,1
Monaco v Lens,0,-0.3999999999999986,-6,-4,-12,3,-8,-7,7,14,-32,17,2,-2,0,0,-3,-1,0,3,-1,0,-1,0,-9,-15,-6,3,0,1,-6,-5,7,1,0
Monaco v Lille,1,-0.09999999999999787,2,0,6,4,-3,22,-6,22,28,-34,0,0,7,-7,1,2,-1,8,2,0,2,0,43,3,-40,-3,-2,0,4,5,-2,1,-1
Monaco v Lorient,2,0.40000000000000213,-3,-1,121,-14,121,93,46,71,72,-2,2,-2,-1,1,2,2,0,11,0,0,-1,0,109,101,-8,-5,1,0,3,1,4,-2,-1
Monaco v Lyon,1,1.0,-2,-3,-123,-17,-119,-58,-70,-6,-88,-37,0,0,-2,2,0,1,0,1,1,0,0,0,-30,-111,-81,8,0,0,9,5,-8,-4,0
Monaco v Marseille,0,-0.1999999999999993,-2,0,-97,-8,-110,-64,-53,-27,-59,-32,-1,1,1,-1,-2,-4,0,-17,-3,0,2,0,-78,-121,-43,-2,0,0,-6,-7,2,-1,0
Monaco v Metz,0,0.6000000000000014,6,3,67,0,67,58,23,54,-1,25,6,-6,4,-4,3,4,1,8,2,0,1,0,63,66,3,8,-1,0,-3,-4,2,-1,1
Monaco v Montpellier,1,-2.200000000000003,1,3,-9,-25,1,10,-11,3,-39,35,0,0,0,0,1,1,0,4,0,0,0,0,-4,-9,-5,-4,0,0,-11,-4,5,7,0
Monaco v Nantes,0,-2.3000000000000007,-1,-1,55,18,51,36,11,41,-3,9,1,-1,7,-7,-1,-1,0,0,-2,0,-3,0,37,55,18,6,-1,0,-9,-6,1,3,0
Monaco v Nice,2,1.1000000000000014,2,0,80,1,70,55,42,54,24,19,1,-1,9,-9,2,3,0,5,3,0,0,0,78,74,-4,-2,0,0,-10,-9,7,1,-1
Monaco v PSG,1,-1.5,-4,-1,-112,2,-112,-52,-52,20,-66,-60,-4,4,0,0,-3,-1,0,-4,-1,0,-1,0,-7,-124,-117,0,0,0,0,-1,-6,-1,0
Monaco v Reims,1,-2.6000000000000014,4,5,30,8,46,16,14,26,-5,8,2,-2,3,-3,3,2,1,-1,-2,0,3,0,23,33,10,5,0,0,-4,-4,2,0,1
Monaco v Rennes,1,-0.40000000000000213,3,0,29,-17,35,14,20,65,-13,-18,3,-3,5,-5,2,1,0,4,0,0,0,0,97,43,-54,9,-1,0,0,-1,2,-1,1
Monaco v Saint-Etienne,1,-1.0,-3,-1,99,-11,103,66,43,29,65,14,3,-3,7,-7,-1,0,0,11,2,0,1,0,74,108,34,3,0,0,-5,0,8,5,0
Monaco v SC Bastia,0,-1.0999999999999979,6,3,126,-23,129,75,61,63,70,4,5,-5,3,-3,5,5,2,8,1,0,-1,0,103,126,23,0,0,-1,-5,-2,3,3,2
Monaco v Toulouse,0,-0.09999999999999787,-5,-2,37,17,38,30,1,10,-3,23,-1,1,3,-3,-4,-2,0,-4,-2,0,-2,0,-4,32,36,6,2,0,-3,-5,2,-2,1
Montpellier v Bordeaux,2,0.7999999999999972,5,2,-64,-3,-72,-38,-21,49,-57,-50,2,-2,4,-4,-1,0,-1,6,1,0,0,0,38,-65,-103,0,0,0,6,8,-2,2,-1
Montpellier v Caen,0,0.6000000000000014,2,3,17,-2,22,5,15,40,-5,-13,1,-1,2,-2,3,4,1,-5,2,0,-2,0,27,14,-13,0,0,0,-13,-8,6,5,1
Montpellier v Evian,0,0.1999999999999993,5,5,72,11,76,43,37,22,54,3,2,-2,6,-6,2,1,1,6,3,0,2,0,84,67,-17,-10,-1,0,-7,-6,3,1,1
Montpellier v Guingamp,0,0.5,-3,-3,44,8,43,30,16,14,14,17,-1,1,8,-8,-4,1,0,-4,-3,0,-1,0,41,47,6,4,-1,0,-3,-4,0,-1,0
Montpellier v Lens,1,2.299999999999997,-5,-1,-3,10,-1,-6,-3,7,-18,1,-1,1,11,-11,-5,-3,1,-1,-2,0,1,0,19,9,-10,-3,-1,0,4,4,-1,0,0
Montpellier v Lille,2,-0.3999999999999986,7,7,11,-3,24,16,1,39,-17,-5,3,-3,4,-4,7,3,0,8,5,0,-1,0,38,23,-15,4,-1,0,6,7,-1,1,-1
Montpellier v Lorient,0,3.0,0,0,-49,-12,-40,-25,-27,1,-33,-17,-2,2,0,0,-1,-1,0,-6,-1,0,2,0,-31,-46,-15,-1,-1,0,1,0,-7,-1,-1
Montpellier v Lyon,2,3.1000000000000014,-4,-1,-165,-9,-154,-79,-79,-3,-114,-42,0,0,4,-4,-2,-3,0,1,-1,0,0,0,-70,-158,-88,7,1,0,-10,-8,1,2,-1
Montpellier v Marseille,0,2.8999999999999986,-1,-3,-66,-2,-70,-43,-36,-15,-14,-48,-2,2,3,-3,-1,-2,0,-3,0,0,-1,0,-39,-74,-35,-3,-1,0,17,9,-19,-8,1
Montpellier v Metz,0,1.1999999999999993,0,1,101,1,108,45,65,63,47,0,3,-3,5,-5,-2,0,0,4,-3,0,-1,0,103,96,-7,-1,0,0,1,0,0,-1,1
Montpellier v Monaco,2,2.400000000000002,-4,-4,-46,8,-44,-35,-9,-46,-11,14,-1,1,3,-3,-4,-1,0,-4,0,0,1,0,-47,-52,-5,2,0,0,-12,-15,2,-3,0
Montpellier v Nantes,0,-0.20000000000000284,0,-2,-32,8,-37,-20,-14,12,-18,-27,-1,1,5,-5,2,1,0,-5,-1,0,-1,0,-2,-42,-40,3,0,0,-9,-10,4,-1,1
Montpellier v Nice,0,4.399999999999999,-2,-5,-60,-2,-50,-16,-27,53,-70,-26,0,0,0,0,-3,0,0,7,1,0,-1,0,21,-54,-75,-2,-2,0,-9,-8,3,1,0
Montpellier v PSG,2,1.1000000000000014,-4,1,-138,-6,-149,-66,-80,-3,-74,-70,-2,2,-1,1,-4,-4,-2,-5,-3,0,0,0,-15,-152,-137,2,0,0,14,7,-14,-7,-1
Montpellier v Reims,0,0.6999999999999993,3,2,-34,9,-39,-36,-2,-9,12,-41,2,-2,-1,1,4,2,0,3,1,0,-1,0,-3,-24,-21,6,-1,0,-5,-3,5,2,1
Montpellier v Rennes,1,1.6000000000000014,2,1,-99,-25,-89,-47,-52,43,-93,-47,0,0,2,-2,1,1,0,4,1,0,0,0,34,-99,-133,1,1,0,1,-2,3,-3,0
Montpellier v Saint-Etienne,2,1.5999999999999979,-2,0,-21,-3,-11,-15,-8,1,-7,-18,0,0,7,-7,0,-2,-1,2,-1,0,0,0,-2,-18,-16,2,0,0,3,4,-1,1,-2
Montpellier v SC Bastia,0,0.20000000000000284,2,3,-27,-12,-35,4,-20,14,3,-35,4,-4,5,-5,1,2,0,4,1,0,2,0,57,-40,-97,-1,0,0,-2,-2,-3,0,-1
Montpellier v Toulouse,0,2.5,5,4,-29,5,-15,-30,1,-2,-28,0,-2,2,0,0,2,-2,0,1,-1,0,-1,0,-11,-10,1,6,0,0,-5,-1,7,4,1
Nantes v Bordeaux,0,1.3000000000000007,-2,-1,-48,-7,-56,-39,-8,-7,-46,5,2,-2,1,-1,-3,-1,1,3,-1,0,-1,0,-47,-50,-3,-3,0,0,10,7,-8,-3,2
Nantes v Caen,2,-0.8999999999999986,3,2,-3,-5,-2,-7,-10,1,-22,3,-3,3,-4,4,0,-1,0,-12,-2,0,0,0,-21,-9,12,0,0,0,-1,-1,3,0,1
Nantes v Evian,0,-1.2000000000000028,2,3,22,7,14,9,13,17,17,-12,1,-1,7,-7,2,1,1,5,2,0,0,0,27,35,8,-9,-2,0,8,8,1,0,1
Nantes v Guingamp,0,-1.7000000000000028,2,1,117,1,121,80,47,21,84,23,0,0,-9,9,2,0,0,0,-1,0,1,0,59,113,54,-7,2,0,-1,-2,-4,-1,0
Nantes v Lens,0,-0.6999999999999993,5,4,47,3,49,32,21,23,20,12,0,0,1,-1,3,2,0,5,1,0,1,0,48,49,1,-2,0,0,2,-1,2,-3,0
Nantes v Lille,1,0.20000000000000284,0,5,160,0,147,110,65,36,100,41,6,-6,-4,4,-2,-1,0,9,1,0,-1,0,91,135,44,-8,0,0,-3,-4,-2,-1,-1
Nantes v Lorient,1,-0.1999999999999993,6,3,28,-11,38,7,24,6,36,-9,4,-4,-2,2,3,2,1,5,3,0,4,0,6,37,31,8,-1,0,4,1,-5,-3,2
Nantes v Lyon,1,-0.3000000000000007,2,0,-132,-15,-121,-67,-59,-5,-114,-7,2,-2,0,0,3,3,0,7,2,0,0,0,-56,-118,-62,3,-1,0,0,0,1,0,0
Nantes v Marseille,0,1.8999999999999986,1,1,-112,-7,-120,-56,-51,15,-53,-70,1,-1,-5,5,1,0,0,2,4,0,-4,0,-27,-122,-95,0,1,0,20,15,-12,-5,1
Nantes v Metz,1,0.9000000000000021,4,3,91,5,89,56,51,38,34,35,1,-1,3,-3,3,4,0,1,3,0,2,0,54,91,37,-7,0,0,-4,-4,3,0,0
Nantes v Monaco,2,0.5,2,3,-139,9,-138,-93,-59,-48,-79,-26,-5,5,0,0,0,-1,-1,-10,-5,0,1,0,-75,-135,-60,4,-1,0,-3,-2,9,1,-1
Nantes v Montpellier,0,-1.0999999999999979,7,4,42,4,34,30,15,-2,15,33,2,-2,-3,3,6,4,0,2,2,0,0,0,-3,35,38,-4,1,0,5,5,0,0,0
Nantes v Nice,0,1.0999999999999979,7,4,-69,6,-69,-46,-25,25,-86,-10,6,-6,2,-2,3,2,0,1,1,0,-1,0,6,-58,-64,-2,-1,0,0,2,9,2,0
Nantes v PSG,2,-1.0,-2,-3,-125,9,-126,-60,-51,23,-74,-58,0,0,-4,4,-3,-2,-1,12,3,0,-2,0,-7,-132,-125,2,0,0,2,-1,-8,-3,-2
Nantes v Reims,1,-1.5999999999999979,-2,-3,-48,-5,-55,-25,-9,25,-37,-23,0,0,7,-7,0,-1,1,1,0,0,-1,0,17,-41,-58,3,-3,0,-12,-4,11,8,1
Nantes v Rennes,1,0.7000000000000028,5,5,-42,-16,-42,1,-32,33,0,-63,6,-6,6,-6,3,2,0,12,3,0,1,0,73,-36,-109,5,0,0,2,3,7,1,-2
Nantes v Saint-Etienne,1,-1.7000000000000028,3,3,-25,-3,-23,-9,-7,21,-18,-20,4,-4,-6,6,1,1,0,9,2,0,0,0,25,-26,-51,-3,-1,0,-10,-11,0,-1,0
Nantes v SC Bastia,2,-2.5,3,2,42,-8,35,26,17,13,21,10,-1,1,-1,1,1,-2,-1,3,1,0,0,0,19,39,20,-3,0,0,-4,2,4,6,-1
Nantes v Toulouse,2,1.9000000000000021,2,1,26,8,32,9,13,-26,25,23,-1,1,2,-2,0,-1,-1,3,1,0,-1,0,-7,55,62,9,-1,0,-11,-3,5,8,-1
Nice v Bordeaux,2,-2.200000000000003,-2,-2,-41,8,-50,-14,-22,-7,-40,9,-1,1,3,-3,-2,0,0,0,3,0,-2,0,-34,-37,-3,3,-2,0,-3,-3,0,0,0
Nice v Caen,1,-2.400000000000002,2,-1,29,-12,31,14,10,-13,35,1,-1,1,2,-2,-1,-1,0,1,4,0,-2,0,13,33,20,4,0,0,-2,-3,-2,-1,0
Nice v Evian,1,-5.199999999999999,0,-2,-16,0,-22,-9,-20,-55,5,22,1,-1,0,0,1,0,0,-3,-1,0,2,0,-73,-18,55,-2,1,0,-1,0,-6,1,0
Nice v Guingamp,2,-4.800000000000001,1,-1,134,9,149,59,71,0,109,20,0,0,-3,3,1,-1,0,-3,-2,0,0,0,81,146,65,-4,2,0,-9,-2,7,7,0
Nice v Lens,0,-1.5,1,2,-20,-15,-16,-3,-11,35,-52,3,1,-1,-1,1,0,1,-1,8,1,0,-1,0,8,-12,-20,5,0,0,-1,1,0,2,0
Nice v Lille,0,-1.8000000000000007,2,1,86,-11,84,66,44,48,65,-4,4,-4,1,-1,2,0,1,14,2,0,2,0,67,77,10,-4,0,0,8,5,-4,-3,1
Nice v Lorient,0,-0.8000000000000007,6,5,64,-10,74,45,29,25,26,26,7,-7,-4,4,4,0,-1,16,1,0,0,0,35,63,28,-1,1,0,1,-2,3,-3,0
Nice v Lyon,2,-1.0,-6,-4,-100,7,-104,-50,-46,-17,-52,-28,0,0,-4,4,-3,-1,0,4,0,0,0,0,-62,-109,-47,3,3,0,13,5,-13,-8,0
Nice v Marseille,0,0.40000000000000213,-5,-2,-46,0,-50,-39,-21,-13,-23,-24,-1,1,7,-7,-4,-3,0,-8,-3,0,1,0,-34,-53,-19,3,-1,0,15,9,-5,-6,0
Nice v Metz,0,-0.8999999999999986,0,0,52,-6,52,47,14,-24,63,20,3,-3,4,-4,2,1,0,8,1,0,3,0,33,66,33,2,-1,0,-13,-8,7,5,0
Nice v Monaco,2,-1.4000000000000021,-1,-2,-16,-1,-16,-8,-5,5,-32,13,2,-2,1,-1,0,-1,0,7,2,0,-1,0,5,-10,-15,5,1,-1,2,1,-8,-1,0
Nice v Montpellier,1,-3.0,4,3,63,-3,67,25,31,-11,47,20,1,-1,3,-3,2,0,0,4,0,0,3,0,23,71,48,6,0,0,7,4,-7,-3,0
Nice v Nantes,1,-2.0,5,6,61,-2,66,16,38,-9,46,18,1,-1,1,-1,2,2,0,1,0,0,0,0,2,72,70,3,1,0,3,5,1,2,0
Nice v PSG,2,-2.6999999999999993,5,1,-31,15,-28,-14,-10,21,-23,-22,-1,1,1,-1,1,-1,-1,5,2,0,0,0,21,-18,-39,-2,-1,0,-7,-3,7,4,0
Nice v Reims,1,-3.6999999999999993,4,2,-47,-4,-43,-18,-24,-6,-13,-24,2,-2,7,-7,5,1,0,3,2,0,2,0,-11,-48,-37,13,-2,0,8,2,-7,-6,0
Nice v Rennes,2,-1.3999999999999986,1,2,97,-12,95,64,32,23,70,6,3,-3,1,-1,1,-1,-1,6,0,0,1,0,89,91,2,-6,1,0,-3,-3,3,0,-1
Nice v Saint-Etienne,1,-2.0,-4,-1,49,-13,52,38,13,-21,59,13,-2,2,4,-4,-3,-2,0,-3,-5,0,1,0,-8,40,48,0,-2,1,3,3,0,0,0
Nice v SC Bastia,2,-1.9000000000000021,3,2,134,0,132,87,53,-6,100,47,2,-2,-4,4,3,1,0,4,2,0,-1,0,68,138,70,8,0,0,-2,-5,-7,-3,0
Nice v Toulouse,0,-0.9000000000000021,4,3,64,6,67,44,26,6,42,22,4,-4,0,0,1,2,-1,9,2,0,2,0,41,77,36,-4,0,0,-2,0,1,2,-1
PSG v Bordeaux,0,2.700000000000003,2,3,117,-13,122,71,53,56,62,6,0,0,-5,5,3,2,0,5,1,0,2,0,112,121,9,-5,1,0,-6,1,9,7,1
PSG v Caen,1,-1.0999999999999979,-1,-3,224,-5,224,118,104,14,153,56,0,0,4,-4,3,3,2,1,3,0,-2,0,68,235,167,0,0,0,2,3,-1,1,2
PSG v Evian,0,0.6999999999999993,3,4,238,20,245,127,118,73,153,20,2,-2,2,-2,1,4,1,6,1,0,2,0,151,250,99,4,0,0,1,2,-2,1,1
PSG v Guingamp,0,-2.099999999999998,-2,-2,291,-9,285,162,123,17,183,87,0,0,-3,3,2,3,2,-3,-1,0,4,0,82,286,204,-2,1,0,-4,-2,1,2,2
PSG v Lens,0,1.6999999999999993,9,4,168,-4,173,108,76,101,75,7,4,-4,10,-10,8,7,0,13,5,0,1,0,183,176,-7,4,-2,0,-8,-3,5,5,1
PSG v Lille,0,0.0,2,0,39,12,42,5,24,-19,-13,60,-5,5,-6,6,3,4,4,-10,0,0,2,0,-59,40,99,2,-2,0,5,0,-6,-5,4
PSG v Lorient,0,0.9000000000000021,2,1,152,-3,153,98,62,19,82,63,4,-4,1,-1,3,5,0,8,1,0,5,0,4,152,148,-1,-1,0,10,8,-1,-2,1
PSG v Lyon,1,1.3999999999999986,3,-1,148,17,161,94,74,32,106,28,0,0,6,-6,2,2,1,10,3,0,2,0,85,164,79,9,1,0,-4,-5,3,-1,1
PSG v Marseille,0,2.799999999999997,-1,1,-18,1,-24,-29,7,-11,5,-17,-1,1,3,-3,-4,0,0,-5,0,0,-1,0,-7,-21,-14,0,0,0,4,1,-4,-3,1
PSG v Metz,0,0.6000000000000014,2,0,206,-3,210,112,99,42,114,56,4,-4,6,-6,3,1,0,11,2,0,0,0,70,223,153,1,-1,0,4,7,2,3,2
PSG v Monaco,1,2.3000000000000007,-2,-3,152,-4,138,91,53,-11,89,66,-5,5,3,-3,1,3,0,-9,0,0,3,0,20,132,112,-7,0,0,0,0,-2,0,0
PSG v Montpellier,1,-0.5,4,3,145,-5,165,72,74,35,86,26,1,-1,4,-4,3,1,0,4,2,0,0,0,111,157,46,-2,0,0,-17,-11,8,6,0
PSG v Nantes,0,0.09999999999999787,5,5,226,-11,232,142,103,77,120,50,3,-3,2,-2,7,3,1,12,1,0,0,0,156,231,75,-5,0,0,-19,-10,12,9,0
PSG v Nice,0,2.1999999999999993,2,-1,233,-3,226,122,114,54,120,66,0,0,4,-4,1,1,0,-2,-1,0,1,0,142,227,85,-10,-1,0,-3,-1,5,2,1
PSG v Reims,0,0.09999999999999787,9,4,210,-5,228,107,100,18,145,44,2,-2,0,0,7,6,2,0,0,0,3,0,79,222,143,10,-2,0,-7,-6,5,1,2
PSG v Rennes,0,1.5,0,0,92,-6,92,47,58,61,35,11,2,-2,6,-6,3,2,1,8,1,0,2,0,70,80,10,-9,0,0,3,2,-1,-1,1
PSG v Saint-Etienne,0,0.3000000000000007,2,2,145,-8,152,82,54,25,80,33,-1,1,2,-2,1,1,1,2,0,0,1,0,50,155,105,6,0,0,-4,-2,2,2,0
PSG v SC Bastia,0,2.1000000000000014,3,1,212,0,207,98,113,61,147,4,3,-3,2,-2,4,4,1,1,2,0,2,0,153,206,53,-5,-1,0,7,8,-2,1,1
PSG v Toulouse,0,0.8999999999999986,0,-1,177,11,177,100,81,25,96,62,3,-3,-4,4,1,1,1,8,1,0,0,0,87,174,87,-1,1,0,-2,-1,3,1,1
Reims v Bordeaux,0,1.4000000000000021,-1,0,-91,-7,-88,-66,-35,-1,-89,-11,-1,1,-1,1,1,2,0,-3,1,0,1,0,-38,-87,-49,6,1,0,-1,-4,-1,-3,-1
Reims v Caen,2,0.5,-3,2,5,14,8,-15,19,-42,-5,51,0,0,5,-5,-1,2,0,-5,4,0,-2,0,-59,16,75,6,0,0,4,3,1,-1,0
Reims v Evian,0,0.10000000000000142,2,-1,76,0,66,52,19,6,26,38,-1,1,1,-1,2,1,0,-9,-2,0,-1,0,-4,69,73,-9,0,0,-8,-5,7,3,1
Reims v Guingamp,2,-0.8000000000000007,7,2,92,2,100,40,63,52,27,25,3,-3,-5,5,5,3,1,7,0,0,1,0,80,98,18,-2,0,0,3,0,-4,-3,0
Reims v Lens,1,2.1999999999999993,3,0,76,-2,86,47,44,49,6,38,-1,1,4,-4,3,3,0,9,3,0,0,0,60,86,26,-3,1,0,-13,-8,12,5,0
Reims v Lille,0,1.0,3,5,13,-1,17,-7,12,26,-12,-7,2,-2,-3,3,2,1,1,-2,-1,0,2,0,31,25,-6,4,-1,-1,-7,-6,9,1,2
Reims v Lorient,2,2.3999999999999986,-2,-1,23,-2,31,-3,16,-10,-47,70,0,0,1,-1,-2,-2,1,-3,-2,0,-1,0,-48,14,62,-10,-1,0,6,0,-6,-6,1
Reims v Lyon,2,2.1999999999999993,-3,-3,-124,-13,-122,-61,-61,23,-77,-69,-1,1,-6,6,-5,-6,-3,4,-2,0,-2,0,9,-126,-135,3,0,0,10,8,-7,-2,-2
Reims v Marseille,2,2.599999999999998,-8,-3,-113,0,-116,-78,-49,-34,-35,-57,-4,4,-3,3,-7,-6,-1,-10,-3,0,-2,0,-36,-122,-86,1,0,0,4,2,-6,-2,-2
Reims v Metz,1,2.1999999999999993,6,4,88,-3,84,50,44,24,34,36,1,-1,2,-2,3,1,0,1,0,0,-1,0,35,88,53,-1,0,0,-10,-7,14,3,0
Reims v Monaco,2,0.8000000000000007,5,1,-78,-9,-77,-33,-44,20,-52,-46,0,0,1,-1,5,4,-2,3,1,0,-2,0,5,-74,-79,-7,0,0,-7,-5,3,2,-2
Reims v Montpellier,0,-0.10000000000000142,-1,-1,87,8,89,29,45,-10,57,27,-3,3,0,0,1,0,0,-2,0,0,-4,0,22,100,78,-3,1,0,3,1,4,-2,0
Reims v Nantes,0,1.1999999999999993,6,3,-23,-8,-24,-12,-15,-1,-9,-15,-1,1,4,-4,4,2,1,-2,3,0,-4,0,-22,-24,-2,-2,-1,-1,7,7,-2,0,2
Reims v Nice,2,3.5,-1,0,10,-8,6,4,5,11,-12,11,-1,1,0,0,1,2,0,-4,-1,0,-1,0,3,-11,-14,-7,-1,0,4,3,-1,-1,-1
Reims v PSG,1,1.7999999999999972,0,2,-192,17,-198,-119,-76,-11,-174,-10,-2,2,-5,5,1,0,1,-2,0,0,0,0,-93,-191,-98,0,0,0,5,3,-10,-2,1
Reims v Rennes,0,0.9000000000000021,-1,-2,-94,-5,-100,-54,-45,2,-78,-26,-4,4,-1,1,2,1,0,-9,-2,0,-1,0,-14,-94,-80,3,2,0,-3,-3,7,0,0
Reims v Saint-Etienne,2,0.3000000000000007,5,4,-8,-1,-12,-13,7,-1,-19,13,4,-4,-1,1,5,6,0,1,2,0,0,0,-30,-6,24,3,1,0,6,4,-7,-2,-1
Reims v SC Bastia,0,1.1999999999999993,0,0,48,13,36,12,35,13,-3,36,-2,2,-3,3,-1,0,0,-1,0,0,-2,0,12,35,23,-6,0,0,1,1,3,0,0
Reims v Toulouse,0,1.9000000000000021,0,2,-78,20,-75,-43,-32,8,-49,-34,2,-2,2,-2,0,-2,1,2,-3,0,2,0,-18,-74,-56,2,0,0,5,5,-2,0,1
Rennes v Bordeaux,1,0.5,-9,-7,-79,2,-87,-79,-32,-79,-61,28,-6,6,0,0,-5,-2,0,-27,-5,0,1,0,-133,-81,52,2,0,0,5,3,-5,-2,1
Rennes v Caen,2,-1.5999999999999979,1,1,-5,-3,6,-5,-5,0,-9,1,0,0,-3,3,3,3,0,-1,-3,0,0,0,2,-1,-3,-2,0,0,2,1,-2,-1,0
Rennes v Evian,0,-1.5999999999999979,2,2,52,-6,52,35,13,-15,53,12,4,-4,6,-6,2,2,2,-1,0,0,4,0,-6,43,49,3,-1,0,3,-4,-5,-7,2
Rennes v Guingamp,0,-2.900000000000002,0,0,168,7,167,100,66,16,108,41,1,-1,0,0,1,-1,0,4,-1,0,2,0,57,162,105,-5,0,0,1,1,-5,0,0
Rennes v Lens,0,0.1999999999999993,2,1,35,10,28,18,20,30,8,0,0,0,0,0,5,6,0,4,4,0,0,0,59,45,-14,2,1,0,-5,-3,9,2,0
Rennes v Lille,0,-0.6999999999999993,0,-1,58,8,45,26,25,-15,31,35,0,0,-2,2,1,2,0,-1,2,0,3,0,-33,55,88,-4,0,0,13,7,-15,-6,0
Rennes v Lorient,0,0.7000000000000028,1,0,-9,10,-9,-28,19,27,-88,53,0,0,-1,1,1,2,0,0,1,0,0,0,-31,-5,26,4,0,0,-4,-5,-5,-1,0
Rennes v Lyon,2,1.1999999999999993,4,1,-119,4,-114,-54,-52,-38,-75,9,4,-4,0,0,4,3,0,6,0,0,0,0,-103,-113,-10,8,0,0,-2,-3,-2,-1,0
Rennes v Marseille,1,2.099999999999998,5,1,-103,-3,-100,-72,-35,-14,-66,-29,0,0,-1,1,5,2,1,-1,1,0,-1,0,-62,-104,-42,2,0,0,22,15,-11,-7,1
Rennes v Metz,0,-0.29999999999999716,1,1,-36,7,-26,-32,4,-14,-27,13,1,-1,0,0,1,2,0,1,1,0,3,0,-44,-26,18,3,0,0,3,1,-4,-2,1
Rennes v Monaco,0,0.1999999999999993,2,2,-90,28,-104,-78,-22,-29,-75,5,-1,1,1,-1,2,2,1,-2,-1,0,1,0,-105,-96,9,4,0,0,-3,0,0,3,0
Rennes v Montpellier,2,-1.2999999999999972,5,1,70,0,68,39,43,54,-8,36,3,-3,2,-2,4,2,-1,12,5,0,0,0,31,72,41,-4,0,0,3,2,-8,-1,-1
Rennes v Nantes,1,0.6999999999999993,-2,1,120,10,111,55,68,18,74,34,4,-4,0,0,1,-1,0,3,1,0,0,0,20,111,91,2,0,0,1,-1,-6,-2,0
Rennes v Nice,0,1.6999999999999993,-2,-3,27,4,18,4,27,37,9,-14,0,0,-3,3,-4,-3,-1,-1,-1,0,-2,0,34,-1,-35,-10,1,0,-1,-6,-7,-5,-1
Rennes v PSG,1,-1.8000000000000007,-1,-1,-182,17,-169,-121,-78,-89,-145,34,0,0,-6,6,0,-3,-1,-8,-2,0,1,0,-197,-166,31,7,0,0,-2,-3,2,-1,-1
Rennes v Reims,2,-1.5,-1,-2,-107,3,-114,-58,-48,3,-73,-36,0,0,-2,2,2,2,1,-6,0,0,1,0,-38,-111,-73,7,-1,0,11,9,-3,-2,1
Rennes v Saint-Etienne,1,-1.0,1,1,0,7,10,-17,2,-37,-4,25,-2,2,-1,1,0,0,0,-7,0,0,1,0,-25,2,27,8,0,0,11,7,-7,-4,0
Rennes v SC Bastia,2,-1.0999999999999979,4,3,139,-21,139,87,66,35,90,28,0,0,0,0,1,2,0,6,-1,0,3,0,92,132,40,-8,0,0,-2,0,-1,2,0
Rennes v Toulouse,2,0.09999999999999787,1,3,58,27,52,29,37,10,32,23,-2,2,-1,1,-1,0,-1,-1,-1,0,-2,0,23,62,39,1,2,0,-2,3,3,5,-1
Saint-Etienne v Bordeaux,1,0.5,9,3,24,-5,25,18,15,29,11,-3,3,-3,1,-1,8,6,1,11,6,0,3,0,45,23,-22,-3,-1,0,-9,-9,5,0,0
Saint-Etienne v Caen,0,-0.8999999999999986,4,-1,87,-26,93,47,42,20,73,-2,2,-2,4,-4,4,4,0,7,4,0,0,0,57,94,37,-4,0,0,0,-1,6,-1,0
Saint-Etienne v Evian,0,-0.5999999999999979,1,1,113,-3,127,60,56,41,78,-3,4,-4,0,0,1,1,2,3,-1,0,-1,0,78,116,38,-9,0,0,-5,-3,10,2,2
Saint-Etienne v Guingamp,0,-1.1999999999999993,1,2,86,-1,88,53,37,41,30,19,2,-2,-7,7,2,2,1,1,1,0,-1,0,73,80,7,-11,1,0,0,1,1,1,1
Saint-Etienne v Lens,1,0.8999999999999986,2,0,112,-3,123,53,57,23,39,47,-1,1,-7,7,0,0,0,-1,-1,0,1,0,76,129,53,0,1,0,-7,-2,9,5,1
Saint-Etienne v Lille,0,0.8999999999999986,4,3,-70,-2,-68,-31,-30,3,-69,2,2,-2,-4,4,5,4,0,9,2,0,-1,0,-43,-71,-28,-5,0,0,-10,-9,12,1,0
Saint-Etienne v Lorient,0,1.3999999999999986,2,-2,63,0,55,31,33,27,22,16,0,0,0,0,2,2,0,5,4,0,0,0,29,64,35,-2,0,0,8,2,-8,-6,0
Saint-Etienne v Lyon,0,1.8000000000000007,-3,-3,-100,-1,-105,-52,-44,-12,-70,-15,-3,3,-5,5,0,3,2,-1,5,0,0,0,-68,-108,-40,2,0,0,7,7,-1,0,2
Saint-Etienne v Marseille,1,3.099999999999998,3,1,-66,-1,-64,-30,-33,-4,-26,-36,0,0,-1,1,1,1,0,-1,0,0,-2,0,-11,-83,-72,-4,0,0,6,3,-8,-3,0
Saint-Etienne v Metz,0,0.3000000000000007,0,3,149,-9,165,105,69,64,67,43,7,-7,6,-6,0,1,0,20,3,0,1,0,77,132,55,-8,-2,0,-15,-14,7,1,0
Saint-Etienne v Monaco,1,1.4000000000000021,1,2,-24,9,-7,-12,-6,3,12,-32,2,-2,8,-8,0,1,0,10,2,0,3,0,30,-9,-39,3,-1,0,-7,-8,0,-1,-1
Saint-Etienne v Montpellier,0,0.5,0,-1,2,0,6,2,7,2,-4,11,1,-1,-2,2,-2,-2,0,5,0,0,1,0,-10,3,13,-5,1,0,1,-1,-5,-2,1
Saint-Etienne v Nantes,0,1.3000000000000007,-4,-3,6,-14,4,4,10,29,-12,-3,0,0,5,-5,-5,-4,0,6,1,0,-1,0,35,15,-20,1,1,0,4,2,-4,-2,1
Saint-Etienne v Nice,0,3.900000000000002,7,3,108,2,99,67,56,50,53,20,1,-1,1,-1,2,2,1,4,3,0,1,0,57,102,45,-2,0,0,-2,-5,-2,-3,2
Saint-Etienne v PSG,2,-1.1000000000000014,-1,-1,-262,-3,-258,-156,-114,-61,-177,-34,0,0,-6,6,0,0,0,-8,-1,0,-1,0,-149,-266,-117,-2,2,0,0,-3,-1,-3,0
Saint-Etienne v Reims,0,-0.5,7,3,48,-15,62,36,28,15,43,4,2,-2,-1,1,4,4,0,10,5,0,0,0,40,54,14,-11,-1,0,0,-1,2,-1,1
Saint-Etienne v Rennes,1,1.8999999999999986,1,2,6,-1,3,5,9,14,-6,5,0,0,3,-3,1,-1,0,4,1,0,0,0,3,-19,-22,-7,0,0,-6,-7,3,-1,0
Saint-Etienne v SC Bastia,0,1.3000000000000007,5,0,139,-4,137,81,70,79,75,-4,3,-3,-2,2,4,4,0,12,5,0,-3,0,139,135,-4,-2,0,0,1,-3,-4,-4,0
Saint-Etienne v Toulouse,2,1.8999999999999986,3,2,30,0,39,23,14,8,23,8,4,-4,-4,4,2,2,-1,10,5,0,3,0,30,37,7,-8,1,0,2,1,-3,-1,-1
SC Bastia v Bordeaux,1,1.5999999999999979,1,2,-25,-10,-30,-12,-7,-2,-22,4,0,0,1,-1,1,-2,0,-2,0,0,2,0,-8,-28,-20,3,0,0,6,5,3,-1,0
SC Bastia v Caen,1,2.0,-3,-3,145,9,130,96,56,48,74,31,0,0,-2,2,-2,-1,0,4,1,0,-3,0,79,122,43,-6,1,0,7,5,-8,-2,0
SC Bastia v Evian,2,-1.6999999999999993,2,1,78,-9,85,49,47,39,32,24,5,-5,-5,5,2,1,0,20,2,0,1,0,72,82,10,-10,-1,0,-3,3,12,6,-1
SC Bastia v Guingamp,1,-3.0,-1,-1,-32,10,-28,-28,-18,-3,-41,-3,-4,4,2,-2,0,-3,0,-13,-3,0,-1,0,-5,-34,-29,0,0,0,-6,-3,6,3,0
SC Bastia v Lens,1,1.0,-2,1,66,13,56,40,46,35,32,18,6,-6,0,0,-3,-2,-1,11,0,0,0,0,44,69,25,6,0,0,-5,-2,4,3,-1
SC Bastia v Lille,0,0.5,-2,-2,11,1,15,19,-6,13,-23,23,-4,4,0,0,-3,-1,0,3,0,0,2,0,-2,8,10,4,0,0,10,4,-13,-6,1
SC Bastia v Lorient,2,1.0,-3,-1,71,-12,62,67,19,-7,53,38,1,-1,4,-4,-5,-1,0,3,0,0,0,0,-23,51,74,-7,0,0,-3,-1,4,2,0
SC Bastia v Lyon,1,1.7000000000000028,5,4,-89,-15,-87,-34,-49,-22,-31,-31,-1,1,1,-1,1,1,0,-1,2,0,1,0,-47,-96,-49,0,1,0,8,4,-4,-4,0
SC Bastia v Marseille,1,2.6999999999999993,4,3,-82,-11,-82,-50,-27,29,-73,-32,-2,2,-8,8,0,2,-1,-3,-4,0,-1,0,13,-97,-110,-4,1,0,1,-1,-1,-2,1
SC Bastia v Metz,0,1.8999999999999986,3,4,121,14,127,70,66,36,52,50,2,-2,12,-12,2,2,0,7,0,0,1,0,78,118,40,-3,-2,0,-9,-7,-3,2,0
SC Bastia v Monaco,2,2.299999999999997,-2,0,12,0,28,0,16,20,11,-14,-2,2,3,-3,-3,-4,0,4,0,0,0,0,46,27,-19,0,0,0,-9,-8,10,1,0
SC Bastia v Montpellier,0,-0.3999999999999986,5,2,-7,6,2,0,-3,10,-9,-4,1,-1,-2,2,5,3,1,9,1,0,2,0,-11,-5,6,-5,-1,0,0,1,-1,1,2
SC Bastia v Nantes,1,0.5999999999999979,-3,-2,13,0,7,11,-3,-19,7,19,-1,1,5,-5,-4,-2,0,-4,-1,0,0,0,-42,-9,33,-2,0,1,5,3,-5,-2,0
SC Bastia v Nice,0,4.300000000000001,0,1,-13,-8,-15,16,-17,-18,8,9,2,-2,-1,1,1,0,0,11,0,0,1,0,-16,-13,3,1,0,-1,-7,-6,2,1,0
SC Bastia v PSG,0,1.0,-1,0,-67,14,-68,-30,-29,26,-49,-38,1,-1,3,-3,-1,-1,0,7,3,0,-1,0,18,-59,-77,-1,-1,0,-5,-6,1,-1,0
SC Bastia v Reims,2,1.0,-2,0,65,1,72,45,24,-21,63,27,-4,4,-1,1,-2,-2,-2,-4,-2,0,0,0,-35,53,88,1,-1,0,4,2,-1,-2,-2
SC Bastia v Rennes,0,1.5999999999999979,5,4,71,6,63,50,35,51,43,-10,1,-1,0,0,2,-1,0,10,1,0,1,0,98,61,-37,-2,0,-1,9,5,-4,-4,1
SC Bastia v Saint-Etienne,0,-0.3000000000000007,1,3,73,5,67,51,34,39,50,-3,-1,1,-4,4,2,2,0,5,2,0,-1,0,60,66,6,4,1,0,0,-1,1,-1,0
SC Bastia v Toulouse,0,1.2000000000000028,0,2,-29,-4,-19,-14,-9,-47,20,2,1,-1,2,-2,0,0,0,1,0,0,3,0,-54,-10,44,-5,0,0,9,8,0,-1,1
Toulouse v Bordeaux,0,-1.6999999999999993,-3,-2,-48,-12,-63,-30,-17,-16,-2,-30,-3,3,-7,7,-3,1,1,-4,0,0,1,0,-7,-49,-42,-7,0,0,-14,-6,6,8,0
Toulouse v Caen,1,-2.3999999999999986,8,4,129,10,127,89,45,42,66,26,0,0,4,-4,7,4,-1,2,1,0,-2,0,88,118,30,1,-1,0,2,4,-3,2,0
Toulouse v Evian,0,-2.5,-1,-1,99,-2,106,42,44,-8,55,39,-3,3,9,-9,0,1,0,-8,0,0,2,0,28,104,76,8,-2,0,-1,0,-1,1,0
Toulouse v Guingamp,1,-2.6999999999999993,-1,1,23,-4,28,6,-2,-20,39,-14,-3,3,-6,6,-1,-3,0,-8,-4,0,0,0,3,25,22,2,1,0,-1,2,1,3,0
Toulouse v Lens,2,1.1000000000000014,3,6,219,0,219,126,119,109,144,-9,3,-3,0,0,3,0,-1,17,0,0,0,0,209,205,-4,-9,0,0,-3,0,0,3,-2
Toulouse v Lille,0,-1.3999999999999986,-6,-3,-170,-4,-160,-110,-71,-66,-58,-58,-3,3,-3,3,-4,0,1,-12,0,0,0,0,-83,-156,-73,7,1,0,2,2,-3,0,0
Toulouse v Lorient,2,0.10000000000000142,1,-1,41,6,49,21,8,-12,1,40,-1,1,-5,5,2,2,0,-6,-1,0,-3,0,-24,45,69,5,1,0,2,0,1,-2,1
Toulouse v Lyon,0,1.0,-2,-4,11,15,-5,5,-2,30,-30,3,2,-2,0,0,0,2,1,0,0,0,-1,0,33,3,-30,7,1,0,4,1,-4,-3,2
Toulouse v Marseille,2,0.6999999999999993,2,2,-27,2,-34,-15,-10,37,-21,-42,2,-2,-1,1,0,0,-1,-3,0,0,-4,0,70,-17,-87,5,-1,0,-6,-2,7,4,-2
Toulouse v Metz,0,-1.6000000000000014,-2,-3,20,19,13,4,13,-15,3,29,1,-1,2,-2,1,3,1,-1,2,0,-2,0,-19,24,43,1,-1,0,0,3,-2,3,1
Toulouse v Monaco,2,0.1999999999999993,-4,-3,9,11,1,1,4,31,-3,-21,-2,2,-1,1,-3,-3,-1,0,1,0,-1,0,28,-12,-40,1,-1,0,3,-2,-4,-5,-1
Toulouse v Montpellier,0,-3.1000000000000014,-1,-2,46,-3,33,31,16,-3,23,27,0,0,-5,5,0,1,1,-3,1,0,-1,0,-6,40,46,-1,1,0,-5,-3,-2,2,1
Toulouse v Nantes,1,-2.5,3,1,25,11,31,-9,22,-12,14,12,1,-1,0,0,2,2,1,-4,2,0,0,0,4,36,32,-3,-1,0,6,5,-1,-1,1
Toulouse v Nice,2,1.6000000000000014,-3,-2,41,-18,34,17,19,5,15,15,-1,1,2,-2,-3,-1,-2,-4,-2,0,-1,0,17,23,6,-8,-1,0,0,2,3,2,-2
Toulouse v PSG,1,-1.8999999999999986,7,5,-88,-17,-78,-51,-42,17,-50,-60,2,-2,-3,3,3,0,-1,0,1,0,0,0,22,-87,-109,-7,0,0,-2,1,-1,3,0
Toulouse v Reims,0,-3.1999999999999993,5,1,35,17,33,27,29,68,-2,-10,5,-5,3,-3,5,4,1,14,6,0,-3,0,84,36,-48,-4,1,0,-7,-8,0,-1,1
Toulouse v Rennes,0,-0.9000000000000021,6,2,26,-5,32,11,19,4,32,-7,-1,1,-3,3,1,2,0,1,3,0,3,0,45,51,6,9,0,0,-7,-2,9,5,1
Toulouse v Saint-Etienne,1,-3.0,-1,-2,14,2,17,19,-6,29,-15,-1,1,-1,6,-6,1,1,0,10,1,0,0,0,33,22,-11,9,1,0,-1,3,1,4,-1
Toulouse v SC Bastia,1,-2.799999999999997,4,3,95,-10,98,55,58,74,28,11,2,-2,-3,3,3,1,0,8,2,0,2,0,103,78,-25,-3,0,0,-6,-5,2,1,0
